priority,company,region,town,type,fleet_signal,booking_platform,website,business_email,business_phone,contact_role_name,pain_signal,source_url
6,Hassle-free Tours,Canterbury,Christchurch,day tour,"20 vehicles: 5 classic London double deckers, new ANKAI open-top double deckers, six-wheeler land cruisers",in-house,https://www.hasslefreetours.co.nz,bookings@hasslefree.co.nz,+64 3 385 5775,Mark and Nikki Gilbert (owners),"Seek ads (Sept 2026) for Driver/Guide and Tour Guide - active hiring for daily Kaikoura, Alpine Safari and city tours",https://nz.seek.com/tour-driver-jobs/in-Christchurch-Central-Canterbury
6,Kaikoura Helicopters,Canterbury,Kaikoura,adventure w/ pickups,Free pick-up and drop-off anywhere in Kaikoura,Rezdy,https://www.kaikourahelicopters.com,info@kaikourahelicopters.com,+64 3 319 6609,unknown,Weather-dependent flights with own pickup runs - reschedule/notify load,https://kaikourahelicopters.rezdy.com/
6,Monarch Wildlife Cruises & Tours (incl. Elm Wildlife Tours),Dunedin/Otago Peninsula,Dunedin,day tour,MV Monarch plus bus/coach fleet; merged with Elm Wildlife Tours,FareHarbor,https://www.wildlife.co.nz/,info@monarchwildlifetours.co.nz,0800 666 272,unknown,Seek ad for Boat Crew & Guest Ambassador roles (casual/part/full-time); Port Chalmers cruise terminal pickups; daily peninsula departures,https://www.wildlife.co.nz/dunedin-cruise-ship-shore-tours
6,Appellation Wine Tours,Queenstown Lakes,Queenstown,day tour,"Mercedes-Benz minivans, max 11 pax",Rezdy,https://appellationwinetours.nz/,bookings@appellationwinetours.nz,+64 3 442 6920,unknown,"Seek ad: Part-time/Casual Wine Tour Driver Guides $30-35/hr, ~26 days old",https://nz.seek.com/tour-driver-jobs/in-Queenstown-&-Wanaka-Otago
6,Nomad Safaris,Queenstown Lakes,Queenstown,adventure w/ pickups,"4WD fleet + quad bikes, runs 365 days",Rezdy,https://www.nomadsafaris.co.nz/,res@nomadsafaris.co.nz,0800 688 222,unknown,Seek ad: Operations and Fleet Coordinator ($65-80k) for 4WD and transport ops; careers page,https://www.seek.co.nz/operations-manager-jobs/in-Queenstown-Otago
6,Remarkable Scenic Tours,Queenstown Lakes,Queenstown,day tour,"European tour vans, max 16 pax",FareHarbor,https://www.remarkablescenictours.nz/,info@remarkablescenictours.nz,+64 3 441 8867,unknown,"Seek ad: Casual Driver Guide $37.50/hr, ~11 days old",https://nz.seek.com/tour-driver-jobs/in-Queenstown-&-Wanaka-Otago
5,Auckland Tour House,Auckland,Auckland,day tour,full-electric Mercedes van(s); private Hobbiton/west coast tours,Bókun,https://www.aucklandtourhouse.com/,mike@aucklandtourhouse.com,+64 21 024 46859,"Mike (owner, named on site)",Private tailor-made tours listed on Viator/Bokun; owner-managed comms,https://www.aucklandtourhouse.com/
5,Bush and Beach,Auckland,Auckland (West),day tour,vehicles from 3 to 21 seats; multiple buses; small family-owned; 42 yrs,in-house,https://bushandbeach.co.nz/,info@bushandbeach.co.nz,+64 9 837 4130,"Ben Thornton / Krystle Thomas (application contacts, jobs page)",Actively hiring full-time and part-time driver-guides (60 hrs/fortnight high season); runs Hobbiton/Waitomo/Piha/Kumeu departures daily with hotel pickups,https://bushandbeach.co.nz/about-us/jobs/
5,ExperienceKart,Auckland,Swanson Auckland,day tour,premium day + multi-day tours; Qualmark Gold; TIA member,FareHarbor,https://www.experiencekart.co.nz/,unknown,0800 397 527,unknown,Reviews name a coordinator handling comms separate from the guide; cruise shore excursions with port pickup and on-time return,https://www.experiencekart.co.nz/shore-excursions
5,Kaikoura Kayaks,Canterbury,Kaikoura,adventure w/ pickups,Family-run; guides require full NZ licence 2+ yrs (vehicle duties implied),Rezdy,https://www.kaikourakayaks.nz,unknown,0800 452 456,unknown,"Vacancies page: Guide and Head Guide roles - fully staffed for 2026/27, next hiring June 2027",https://www.kaikourakayaks.nz/contact/vacancies
5,Altitude Tours,Queenstown Lakes,Queenstown,day tour,"Mercedes Sprinters, max 15 pax per tour",Rezdy,https://www.altitudetours.co.nz/,unknown (obfuscated on site),+64 3 441 4788,unknown,"Seek ad: Tour Guides (Milford Sound, Mt Cook) Class 1 licence, ~19 days old; /jobs page live",https://nz.seek.com/tour-driver-jobs/in-Queenstown-&-Wanaka-Otago
5,Wanaka Transfers & Tours,Queenstown Lakes,Wanaka,shuttle-transfer,"Toyota 10-seat and 12-seat minibuses, Outback, Prado (~40 pax capacity) + trailers",in-house,https://wanakatransfers.co.nz/,info@wanakatransfers.co.nz,03 428 4944,Kirsty (founder/operator),WhatsApp booking line published (021 570 520); team page lists drivers,https://wanakatransfers.co.nz/
4,Coast to Coast NZ (Tours of Auckland),Auckland,Huapai Auckland,day tour,small group; Kumeu wine / Piha / Muriwai tours; owner-led,FareHarbor,https://toursofauckland.com/,peter@coast2coastnz.com,+64 21 215 3105,"Peter (owner, named on site)",Owner runs bookings and guiding; Kumeu wine and west coast daily departures with city pickups,https://toursofauckland.com/
4,Heke Bus,Auckland,Waiheke Island,shuttle-transfer,"21-seat bus; scenic tours, venue transfers, shuttles, charters, wedding transport",in-house,https://hekebus.co.nz/,info@hekebus.co.nz,+64 204 372 372,unknown,Mixes scheduled scenic tours with ad-hoc venue transfers and taxi work on one small fleet,https://hekebus.co.nz/
4,Kiwi Coaches,Auckland,Mangere Bridge Auckland,charter coach,11-18 seat minibuses; 30-37 seat mid coaches; 45-49 seat touring coaches; Whangarei depot too; 30+ yrs NZ-owned,in-house,https://www.kiwicoaches.co.nz/,info@kiwicoaches.co.nz,+64 9 636 5232,unknown,"Careers page recruiting bus, coach and tour-coach drivers (casual/PT/FT) incl. cruise ship excursions; private cruise excursions from Queens/Princes Wharf",https://www.kiwicoaches.co.nz/careers
4,Mondumo Tours,Auckland,Auckland,multi-day,small-group NZ + Australia tours; custom groups 6+; family-run,in-house,https://mondumo.com/,unknown,unknown,"Colin Mairs (Director / head tour guide, named on site)",Director is also head guide; multi-day itineraries across both countries,https://mondumo.com/
4,Waiheke Wine Tours Ltd,Auckland,Onetangi Waiheke Island,day tour,multiple vehicles incl. vintage London double-decker; daily shared + private tours; bus hire 25-seat+ for groups/cruise/school,Rezdy,https://waiheke-winetours.co.nz/,waihekewinetours@gmail.com,09 372 7342,Sharon Killen (named on site),Daily departures timed to ferries; large-group bus hire for cruise passengers and corporates; custom booking portal alongside Rezdy,https://waiheke-winetours.co.nz/bus-hire/
4,Alpine Luxury Tours,Canterbury,Christchurch,day tour,"Mercedes fleet (private luxury tours; HQ Queenstown, Christchurch-based drivers)",in-house,https://www.alpineluxurytours.co.nz,info@alpineluxurytours.co.nz,+64 27 257 4632,unknown,Seek ad (Aug 2026) 'Driver/Guides' Christchurch Central $35-38/hr - scaling Christchurch operation,https://nz.seek.com/tour-driver-jobs/in-Christchurch-Central-Canterbury
4,Pohatu Penguins,Canterbury,Akaroa,adventure w/ pickups,4WD mini-vans over Banks Peninsula hills; Akaroa pickups and meet-the-shuttle service,FareHarbor,https://www.pohatu.co.nz,tours@pohatu.co.nz,+64 3 304 8542,Francis and Shireen Helps (owners),Evening tours with Akaroa pickups timed to Christchurch shuttle arrivals,https://www.pohatu.co.nz/
4,Port to Port Cruises & Wildlife Tours,Dunedin/Otago Peninsula,Port Chalmers,adventure w/ pickups,MV Sootychaser 12-20 pax; daily and on demand,Rezdy,https://www.porttoport.co.nz/,info@porttoport.co.nz,020 416 24250,Rachel McGregor (owner-skipper),"Open every day bookings essential; combines ferry, bike ferry, wildlife cruise and cruise-ship excursions",https://www.porttoport.co.nz/
4,Milford Sound Select (Southern Discoveries),Fiordland,Queenstown,day tour,"Glass-roof coaches, 12-pax Sprinter product",in-house (book.milfordsoundselect.com),https://milfordsoundselect.com/,reservations@southerndiscoveries.co.nz,0800 264 536,unknown,"Seek ad: Summer Season Coach Drivers - Milford Sound (Southern Discoveries), ~10 days old",https://nz.seek.com/tour-driver-jobs/in-Queenstown-&-Wanaka-Otago
4,Southern Discoveries,Fiordland,Te Anau / Queenstown,charter coach,Coach fleet Queenstown-Te Anau-Milford daily,in-house (book.southerndiscoveries.co.nz),https://www.southerndiscoveries.co.nz/,reservations@southerndiscoveries.co.nz,+64 3 441 1137,unknown,Seek ad: Summer Season Coach Drivers - Milford Sound; agent login portal (trade distribution),https://www.southerndiscoveries.co.nz/contact/
4,Experience Gisborne,Gisborne,Gisborne,adventure w/ pickups,shuttle buses plus hire bikes,FareHarbor,https://www.experiencegisborne.co.nz/,info@experiencegisborne.co.nz,+64 6 927 7021,Anelia and Katrina (owners),"Wine tours, cruise services, Pakihi track shuttles and multi-day cycle tours from one small team",https://www.experiencegisborne.co.nz/
4,Hop n Grape Tours / Bubbly Grape,Marlborough,Blenheim,day tour,unknown,Rezdy,https://hopngrapetours.co.nz/,info@hopngrapetours.co.nz,0800 478 868,Cameron Clarke (owner),Two brands on one Rezdy account; Picton cruise ship excursions plus daily group tours,https://hopngrapetours.co.nz/contact-us/
4,Nelson Tours and Travel,Nelson/Abel Tasman,Nelson,day tour,unknown,FareHarbor,https://www.nelsontoursandtravel.co.nz/,info@nelsontoursandtravel.co.nz,027 237 5007,Helen and CJ Power (owners),Seasonal Nelson and Marlborough wine tours with accommodation pickups,https://www.newzealand.com/us/plan/business/nelson-tours-and-travel-limited-1/
4,Hop On Hop Off Wine Tours,Queenstown Lakes,Queenstown (Frankton),day tour,Buses across 5 NZ locations (count unknown),Rezdy,https://hoponhopoffwinetours.com/,enquiries@hoponhopoffwinetours.com,0800 693 7227,Juliearna Kavanagh (owner),Multi-region hop-on schedule; daily timed pickups,https://hoponhopoffwinetours.com/
4,Limousine Services Queenstown (LSQ),Queenstown Lakes,Queenstown,shuttle-transfer,Claims South Island's largest fleet of late-model luxury vehicles (sedans/SUVs/vans),unknown,https://www.limousineservicesqueenstown.co.nz/,info@lsq.co.nz,+64 3 441 4405,unknown,"Seek ad: Operations Assistant & Driver-Guide ($28-32/hr), ~8 days old; also recruiting driver-guides",https://nz.seek.com/tour-driver-jobs/in-Queenstown-&-Wanaka-Otago
4,Pure Glenorchy,Queenstown Lakes,Glenorchy,day tour,4WD tour vehicles (count unknown),FareHarbor,https://www.pureglenorchy.com/,info@pureglenorchy.com,+64 3 441 1079,Joel and Kate (owners),DOC-permitted LOTR/Glenorchy tours with Queenstown pickups,https://www.pureglenorchy.com/
4,Queenstown Wine Trail,Queenstown Lakes,Queenstown,day tour,Wine Hopper bus + tour vans (count unknown),in-house,https://www.queenstownwinetrail.co.nz/,info@queenstownwinetrail.co.nz,+64 3 441 3990,unknown,Jobs page recruiting wine guides (FT/PT/casual) year-round; family run since 1992,https://www.queenstownwinetrail.co.nz/jobs/
4,Ultimate Hikes,Queenstown Lakes,Queenstown,multi-day,Coaches to Milford/Routeburn track heads; 8 lodges,unknown,https://www.ultimatehikes.co.nz/,info@ultimatehikes.co.nz,+64 3 450 1940,unknown,2026/27 season jobs open (mid-Oct to mid-Apr); Queenstown-based ops team,https://www.ultimatehikes.co.nz/plan-your-walk/employment/
4,River Rats Kayak & Raft,Rotorua,Rotorua (airport base),adventure w/ pickups,free shuttles from Rotorua base + central accommodation,FareHarbor,https://www.riverrats.co.nz,info@riverrats.co.nz,+64 7 345 6543,Justin & Jo (owners),Free accommodation shuttles for hot-pool kayak tours (day + evening) and sledging; 40+ yrs operating,https://www.riverrats.co.nz/
4,Catlins Tours,Southland,Owaka / Catlins,day tour,unknown,FareHarbor,https://www.catlinstours.co.nz/,info@catlinstours.co.nz,+64 21 121 7028,Lyndon and Gill McKenzie (owners),Qualmark Silver wildlife/scenic tours,https://www.catlinstours.co.nz/contact
4,Ducks and Drakes Mountain Shuttle,Taranaki,New Plymouth,shuttle-transfer,licensed shuttle service plus motel/backpackers,FareHarbor,https://www.ducksanddrakes.co.nz/,shuttle@ducksanddrakes.co.nz,+64 6 758 0404,Brett and Paula (owners),"Daily mountain departures, park-and-ride and central accommodation pickups run alongside accommodation business",https://www.ducksanddrakes.co.nz/
4,FourB Great Lake Trails Shuttles,Taupo/Turangi,Taupo (Wairakei),adventure w/ pickups,purpose-built bike shuttle vans; bike hire fleet,Rezdy,https://fourb.nz,info@fourb.nz,07 374 8154,Jonny (owner),Daily Great Lake Trail shuttle transfers + guided/multi-day packages; NZTA/DOC compliance,https://fourb.nz/
4,Tongariro Expeditions,Taupo/Turangi,Turangi/Taupo,shuttle-transfer,shuttle buses; 4 products incl. Taupo + Turangi return shuttles,Rezdy,https://www.tongariroexpeditions.com,info@tongariroexpeditions.com,+64 27 265 2161,Mandy and Jared (owners),Longest-running TAC shuttle (since 1998); Taupo return runs with morning pickup/afternoon collection coordination,https://www.tongariroexpeditions.com/
4,National Park Shuttles,Tongariro/Ruapehu,National Park Village,shuttle-transfer,"unknown (multiple daily TAC departures, ski-field + Whakapapa track shuttles)",FareHarbor,https://nationalparkshuttles.com,npshuttles@outlook.com,+64 27 394 1498,Thomas & Tracey (owners),Runs 4+ daily TAC departures + Ketetahi park-and-ride one-ways + winter ski shuttles; seasonal timetable juggling,https://nationalparkshuttles.com/
4,Ruapehu Mountain Transport,Tongariro/Ruapehu,National Park Village,shuttle-transfer,new fleet of purpose-built 4WD Euro5 buses; 3 morning + 3 afternoon Whakapapa runs; Ohakune-Turoa winter route,Rezdy,https://www.ruapehumountaintransport.co.nz,info@ruapehumountaintransport.co.nz,+64 27 892 2954,unknown,Fixed ski timetable both sides of the mountain + TAC shuttles; Rezdy for Ohakune-Turoa product,https://www.ruapehumountaintransport.co.nz/
4,Fox Glacier Guiding,West Coast,Fox Glacier,adventure w/ pickups,unknown (heli-hike departures daily; 50+ years operating),in-house (secure.foxguides.co.nz),https://www.foxguides.co.nz,info@foxguides.co.nz,0800 111 600,unknown,Vacancies page hiring guides and front desk (guidinghr@foxguides.co.nz); Seek ad Aug 2026 for sales/trade specialist,https://nz.seek.com/guide-jobs/in-Franz-Josef-Glacier-West-Coast
4,Franz Josef Glacier Guides,West Coast,Franz Josef,adventure w/ pickups,unknown (heli-hike and valley walk departures multiple times daily from Glacier Base),in-house (book.franzjosefglacier.com),https://www.franzjosefglacier.com,walks@franzjosefglacier.com,+64 3 752 0763,unknown,'Join Our Team' careers page; weather-driven reschedules across many daily departures,https://www.franzjosefglacier.com/
3,Auckland & Beyond Tours,Auckland,Auckland,day tour,modern luxury Mercedes-Benz fleet; small groups capped ~20; ~5000 pax/yr; family-owned,FareHarbor,https://aucklandandbeyond.co.nz/,info@aucklandandbeyond.co.nz,+64 220 474 575,unknown,Small-group + private day tours + multi-day + shore excursions all run off one small team; pickup logistics across Auckland hotels and cruise port,https://aucklandandbeyond.co.nz/
3,EcoZip Adventures,Auckland,Waiheke Island,adventure w/ pickups,commentated pick-up/drop-off shuttle from ferry; second site Kaikoura,Rezdy,https://www.ecozipadventures.co.nz/,hellowaiheke@ecozip.co.nz,+64 9 372 5646,unknown,Every session includes a ferry-timed shuttle run; two-site operation on Rezdy,https://www.ecozipadventures.co.nz/
3,Kiwi Connect Tours,Auckland,Waiheke Island / Auckland,day tour,100% electric vans; max 6 guests per vehicle; multiple vehicles across Waiheke and Auckland,FareHarbor,https://www.kiwiconnect.co.nz/,tours@kiwiconnect.co.nz,+64 21 492 016,unknown,Multi-vehicle EV fleet split across island and city; small-group tours require tight pickup coordination,https://www.kiwiconnect.co.nz/
3,Cheeky Kea Tours,Canterbury,Christchurch,multi-day,Mercedes Sprinter small-group vehicles (day tours + multi-day South Island),Rezdy,https://www.cheekykeatours.com,tours@cheekykeatravel.com,0800 259 532,unknown,"Rezdy for bookings; runs Arthur's Pass/TranzAlpine, Kaikoura, Akaroa, Mt Cook daily departures plus Twizel/Mt Cook shuttle",https://www.cheekykeatours.com/
3,Encounter Kaikoura (Dolphin Encounter),Canterbury,Kaikoura,adventure w/ pickups,Own bus from base to dock; courtesy accommodation pickups on some tours; part of Black Cat Group,in-house,https://www.dolphinencounter.co.nz,unknown,unknown,unknown,'Work With Us' careers page live; multiple daily departures with bus transfers to marina,https://www.dolphinencounter.co.nz/
3,Methven Travel,Canterbury,Methven,shuttle-transfer,"2 new 49-seat BCI coaches, 4 Mercedes vans, 1 28-seat coach; ski bus since 2007",FareHarbor,https://www.methventravel.co.nz,info@methventravel.co.nz,+64 3 302 8106,unknown,Multiple daily ski-bus departures with accommodation pickups around Methven plus Chch airport shuttles,https://www.methventravel.co.nz/
3,Snowman Shuttles,Canterbury,Christchurch / Mt Hutt,shuttle-transfer,Multiple winter-equipped buses with snow chains (Chch-Mt Hutt daily in season),Rezdy,https://www.snowmanshuttles.co.nz,info@snowmanshuttles.co.nz,+64 3 337 5750,unknown,Seasonal daily 7am departures from 3 Christchurch pickup points; weather-dependent cancellations,https://www.snowmanshuttles.co.nz/
3,Fantail Tours,Dunedin/Otago Peninsula,Dunedin,day tour,minibus/van,FareHarbor,https://www.fantailtours.co.nz/,info@fantailtours.co.nz,+64 21 159 5572,unknown,Greets cruise passengers at Port Chalmers; scheduled small-group plus private tours,https://www.fantailtours.co.nz/
3,Rosco's Milford Kayaks,Fiordland,Milford Sound,adventure w/ pickups,Te Anau accommodation pickup shuttle (count unknown),FareHarbor,https://www.roscosmilfordkayaks.com/,rosco@roscosmilfordkayaks.com,0800 476 726,unknown,Return Te Anau pickups for all-day kayak tours,https://www.roscosmilfordkayaks.com/contact-us/
3,Expedigo Tours and Transfers,Hamilton-Waikato,Hamilton/Auckland,day tour,'modern well-maintained vehicles to suit group size'; 11-pax small group Waitomo tour from Hamilton,Rezdy,https://expedigo.co.nz,enquiries@expedigo.co.nz,+64 27 222 0173,unknown,Daily small-group Hobbiton/Waitomo/Rotorua tours departing Auckland + Hamilton; airport + intercity transfers,https://expedigo.co.nz/
3,Beachcomber Cruises,Marlborough,Picton,shuttle-transfer,Mail Boat and Lady Ann vessels; three scheduled departures,Rezdy,https://www.beachcombercruises.co.nz/,office@mailboat.co.nz,0800 62 45 26,unknown,"Family-owned; QCT transfers, mail boat cruises and water taxis with seasonal timetable",https://www.beachcombercruises.co.nz/
3,Discovery Wine Tours,Marlborough,Blenheim,day tour,unknown,FareHarbor,https://discoverywinetours.co.nz/,tours@discoverywinetours.co.nz,+64 27 776 2694,unknown,Family-owned since 2005; Picton cruise shore excursions plus Marlborough Sounds tours,https://discoverywinetours.co.nz/
3,Explore Marlborough,Marlborough,Rapaura,adventure w/ pickups,e-bikes plus support van; private driving tours,FareHarbor,https://www.exploremarlborough.co.nz/,info@exploremarlborough.co.nz,+64 21 846607,unknown,Daily guided bike tours with van support plus private driving wine tours with pickups,https://www.exploremarlborough.co.nz/
3,Active Adventures,National,Queenstown,multi-day,guide-driven vans; recruits Hiking Guide Drivers and Guide Cooks each July-August,in-house,https://www.activeadventures.com/,unknown,+64 3 450 0414,unknown,Open job ads for Hiking Guide Drivers and Hiking Guide Cooks via BambooHR,https://www.activeadventures.com/employment-in-active
3,Abel Tasman Aqua Taxi,Nelson/Abel Tasman,Marahau,adventure w/ pickups,purpose-built water taxi fleet; partner road shuttle The Better Bus,in-house,https://aquataxi.co.nz/,unknown,0800 278 282,unknown,Merged with Marahau Water Taxis; coordinates road shuttle partner for Nelson-Motueka-Marahau pickups,https://aquataxi.co.nz/
3,Abel Tasman Sea Shuttles / Abel Tasman Bus Service,Nelson/Abel Tasman,Kaiteriteri,shuttle-transfer,catamaran water taxis plus air-conditioned buses and vans Nelson/Richmond/Motueka-Kaiteriteri,Rezdy,https://www.abeltasmanseashuttles.co.nz/,cruise@abeltasmanseashuttles.co.nz,0800 732 748,unknown,Daily 7:15am Nelson pickups feeding water taxis; bus transfers must be arranged by phone day before,https://abeltasmanbusservice.co.nz/
3,Wine Art and Wilderness,Nelson/Abel Tasman,Nelson,day tour,shared and private tours; guide Noel in reviews,FareHarbor,https://wineartandwilderness.co.nz/,info@wineartandwilderness.co.nz,0800 326 868,unknown,Scheduled plus private wine and wilderness tours with Nelson pickups,https://wineartandwilderness.co.nz/
3,Footprints Waipoua,Northland,Opononi Hokianga,day tour,guided Waipoua forest tours with hotel transfers within Opononi/Omapere/Waimamaku,Rezdy,https://www.footprintswaipoua.co.nz/,admin@footprintswaipoua.co.nz,+64 21 705 515,unknown,Twilight departures with accommodation pickups across three villages; Viator/TripAdvisor distribution,https://www.footprintswaipoua.co.nz/tours
3,Private Discovery Tours,Queenstown Lakes,Queenstown,day tour,Max 6 per group; tour vehicles page,FareHarbor,https://www.privatediscoverytours.co.nz/,info@privatediscoverytours.co.nz,+64 27 472 7972,unknown,Small-group Queenstown/Milford/Glenorchy/Catlins tours,https://www.privatediscoverytours.co.nz/
3,Queenstown Bike Hire (Sherpa Shuttle),Queenstown Lakes,Queenstown,shuttle-transfer,On-demand Sherpa shuttle bus 7 days,FareHarbor,https://queenstownbikehire.co.nz/,unknown,+64 21 98 44 77,"Mike Barnett, Lynley Barnett (founders)","Shuttle seats limited, advance booking; luggage transfer service",https://queenstownbikehire.co.nz/our-team/
3,Queenstown Coaches (NZSki),Queenstown Lakes,Queenstown (Frankton),charter coach,19-seat minibuses; 44/48/49-seat 4WD MAN coaches; 57-seat coaches,in-house (JotForm enquiry),https://www.queenstowncoaches.com/,unknown,unknown,unknown,"Seek ad: NZSki Summer Drivers (contract/temp coach drivers), ~2 days old",https://www.queenstowncoaches.com/fleet/
3,Your Queenstown Transport (Coronet Peak Tandems),Queenstown Lakes,Queenstown,shuttle-transfer,"Groups up to 18, small-group luxury vans",Rezdy,https://yourqueenstowntransport.co.nz/,hello@yourqueenstowntransport.co.nz,0800 467 325,unknown,Private ski/charter transport to all ski fields; family owned,https://yourqueenstowntransport.co.nz/
3,Kaitiaki Adventures,Rotorua,Rotorua (Tikitere),adventure w/ pickups,hotel/i-SITE pickups 30 min pre-trip; two operating bases (Kaituna + Mt Tarawera),FareHarbor,https://kaitiaki.co.nz,bookings@kaitiaki.co.nz,0800 338 736,unknown,Multiple daily rafting/sledging/hike departures with central hotel pickups + cruise ship excursions,https://kaitiaki.co.nz/contact/
3,Rotorua Canopy Tours,Rotorua,Rotorua,adventure w/ pickups,central Rotorua pickup on request; multiple tours daily,unknown,https://www.canopytours.co.nz,unknown,unknown,unknown,"Job ad: Zipline Guide (full-time, P-endorsement preferred) on SEEK; runs pickups from CBD",https://nz.seek.com/outdoor-guide-jobs/in-Rotorua-Central-Bay-of-Plenty
3,Catch a Bus South (Ripple Travel Group),Southland,Invercargill,shuttle-transfer,Coaches to minivans; Invercargill-Dunedin/Queenstown/Te Anau/Bluff,FareHarbor,https://www.catchabussouth.com/,info@rippletravelgroup.com,+64 27 449 7994,unknown,24hr booking line; Catlins day tour + scheduled city-to-city routes,https://www.catchabussouth.com/
3,Active Outdoor Adventures,Taupo/Turangi,Turangi,shuttle-transfer,unknown (return Turangi-TAC + Ketetahi one-way + winter Park n Ride ski shuttles),FareHarbor,https://www.activeoutdooradventures.co.nz,info@activeoutdooradventures.co.nz,027 228 4831,unknown,#1 TripAdvisor transport in TNP; seasonal switch summer TAC / winter Whakapapa; group discounts,https://www.activeoutdooradventures.co.nz/
3,Backyard Tours,Taupo/Turangi,Turangi,shuttle-transfer,"multiple named drivers in reviews (Brendon, Gloria, Brandon, Abbie); Taupo-TAC + Whakapapa ski runs",FareHarbor,https://www.backyardtours.com,enquiries@backyardtours.com,+64 22 314 2656,unknown,Long-haul Taupo/Turangi to TAC transfers (45min each way) + winter ski shuttles + airport transfers; Maori-owned since 2012,https://www.backyardtours.com/
3,Mount Classic Tours,Tauranga/Mt Maunganui,Mount Maunganui,charter coach,25 vehicles from Rolls Royce limos to 36-seat coaches,in-house,https://www.mctours.co.nz,info@mctours.co.nz,+64 7 574 1779,Ian Holroyd (owner/founder),"Cruise-day surge ops across 4 brands (Cruise Tours Tauranga, Shore Trips & Tours, Hinterland Tours, Taste of Plenty); Qualmark Gold",https://www.mctours.co.nz/more-info
3,Dempsey Buses,Tongariro/Ruapehu,Raetihi/Ohakune,charter coach,'major passenger transport supplier in Ruapehu District' since 1988; Snow Express Ohakune-Turoa 3 morning departures; bike trail shuttles,FareHarbor,https://www.dempseybuses.co.nz,info@dempseybuses.co.nz,06 385 4022,unknown,Mixed ops: school/charter + ski shuttle + TAC + Mountains-to-Sea cycle logistics,https://www.dempseybuses.co.nz/
3,Owhango Adventures,Tongariro/Ruapehu,Owhango,shuttle-transfer,"unknown (pickups Whakapapa Village, Mangatepopo, Owhango; private hire; ski shuttle)",FareHarbor,https://www.tongarironationalpark.co.nz,info@owhangoadventures.co.nz,+64 7 895 4854,unknown,Multi-pickup-point TAC shuttles + adventure packages; winter ski shuttle,https://www.tongarironationalpark.co.nz/
3,Summit Shuttles,Tongariro/Ruapehu,National Park Village,shuttle-transfer,"buses (plural in reviews), pickups from Kiwi Camp carpark + Skotel",FareHarbor,https://www.summitshuttles.co.nz,summitshuttles@gmail.com,+64 21 784 202,unknown,Summer TAC + winter ski area transport; guaranteed-hike promise means weather-day rebooking comms,https://www.summitshuttles.co.nz/
3,Martinborough Wine Tours,Wellington/Wairarapa,Martinborough,day tour,"multiple guides (Matthew, Trinity, Karen, Lee, Simon); train-connected daily pickups Featherston",FareHarbor,https://www.martinboroughwinetours.co.nz/,info@martinboroughwinetours.co.nz,06 306 8032,unknown,Daily train-timed pickups at Featherston station weekdays and weekends; separate urgent same/next-day booking phone line suggests manual dispatch,https://www.martinboroughwinetours.co.nz/
3,Whanganui Tours (River Road Mail Run),Whanganui/Manawatu,Whanganui,day tour,unknown,FareHarbor,https://www.whanganuitours.co.nz/,unknown,+64 21 130 4617,Tracy Marshall and Linda (operators),Mail Run tour Monday-Friday 7:30am plus Mountains to Sea cycle shuttles; contract mail delivery adds time pressure,https://www.whanganuitours.co.nz/
2,Cheeky Kiwi Travel,Auckland,Auckland,day tour,modern Mercedes minibuses; small groups; NZ-wide North & South Island tours,Rezdy,https://www.cheekykiwitravel.com/,unknown,+64 9 390 7380,unknown,Daily Hobbiton/Waitomo/Rotorua/Bay of Islands departures with hotel pickups 5:30am start; multi-day 2-day BOI tours; TripAdvisor Best of the Best volume,https://cheekykiwitravel.rezdy.com/234294/hobbiton-movie-set-small-group-tour-from-auckland
2,TIME Unlimited Tours,Auckland,Parnell Auckland,day tour,Mercedes luxury vehicles; private + small group; shore excursions; 20+ yrs family owned,FareHarbor,https://www.newzealandtours.travel/,unknown,+64 9 846 3469,unknown,Cruise-ship shore excursions with dockside pickup and hard return deadlines; multi-day private tours to Hokianga/BOI,https://www.newzealandtours.travel/shore-excursions/
2,Terra & Tide,Auckland,Waiheke Island,day tour,low-emission luxury vehicles for Waiheke/Auckland/Northland tours + 41ft catamaran; ~10 named guides; 2024 NZ Tourism Award micro-business winner,Rezdy,https://terraandtide.co.nz/,unknown,021 669 722,unknown,Guide roster of ~10 across land and sea products in three regions; private and corporate transfers,https://terraandtide.co.nz/touring/waiheke-island-transport-and-transfers/
2,Warkworth Taxi & Bus Services,Auckland,Warkworth / Matakana,charter coach,"people movers, vans, minibuses up to 53-seat; 80+ buses via parent Leabourn Passenger Service; Matakana wine tours and charters",in-house,https://www.warkworthtaxiandbus.co.nz/,info@warkworthtaxiandbus.co.nz,09 425 0000,Micheala and Ian (named on site as booking contacts),Mixed taxi/shuttle/charter/wine-tour dispatch across Matakana Coast; 24-hour reply promise on enquiries,https://www.warkworthtaxiandbus.co.nz/bus-charters/
2,Canterbury Trails,Canterbury,Christchurch,day tour,"4WD vehicles and mini-coaches, max group 8",in-house (Shopify),https://www.canterburytrails.co.nz,info@trails.co.nz,+64 3 384 6148,Irene Hayward and Chris Platt (owner-operators),Shopify cart used for tour bookings - no tour-ops system; hotel pickups on every product,https://www.canterburytrails.co.nz/pages/contact
2,Giles Tours,Canterbury,Christchurch / Waipara,day tour,"1 luxury MPV, max 6 pax (small operator - possibly owner-operator)",Zaui,https://www.gilestoursnz.com,unknown,+64 21 402 900,Paul (new owner),Recently changed ownership; sells via Viator and own Zaui widget,https://www.gilestoursnz.com/
2,Harkerss Bus and Coach Hire,Canterbury,Christchurch,charter coach,"11-seat van, 22-seat, 37-seat and 53-seat buses; MoE accredited",in-house,https://harkerss.nz,office@harkerss.nz,+64 3 324 2631,Ginny (office contact per testimonials),"Charter bookings by phone/email only - no online system; serves Christchurch, Selwyn, West Coast",https://harkerss.nz/
2,Leisure Tours (Canterbury Leisure Tours),Canterbury,Christchurch,day tour,"unknown (day + multi-day tours both islands since 1992; Kaikoura, Akaroa, Waipara, Arthur's Pass daily products)",in-house,https://www.leisuretours.co.nz,info@leisuretours.co.nz,+64 3 384 0999,Kevin (bookings contact),Sells heavily through Viator (2950P codes) and ChristchurchNZ - many daily pickups across hotels,https://www.leisuretours.co.nz/
2,NZ Look Shuttles,Canterbury,Springston / Christchurch,shuttle-transfer,Fleet of vans (airport shuttles Christchurch and Selwyn),in-house,https://nzlookshuttles.co.nz,md@nzlookshuttles.co.nz,unknown,"Heather Woods (Managing Director), Tim Woods (Director)",Quote-form based bookings; airport transfers at all hours,https://nzlookshuttles.co.nz/about-us/
2,Subtle Shuttles,Canterbury,Timaru,shuttle-transfer,Brand new Renault Master minibus (daily Timaru-Christchurch return + charters),in-house,https://subtleshuttles.co.nz,info@subtleshuttles.co.nz,+64 3 746 4143,Jamie Iddles and Euan Pattie (owners),Already offers real-time SMS tracking/notifications - tech-receptive new entrant; may be single-vehicle,https://subtleshuttles.co.nz/
2,Tekapo Shuttle,Canterbury,Lake Tekapo,day tour,Up to 45 pax per day on daily Tekapo-Mt Cook departures; also Twizel transfers,Rezdy,https://tekaposhuttlenz.com,unknown,+64 204 1148 740,unknown,"Sells via Viator, GetYourGuide, TripAdvisor and Rezdy - multi-channel manifest",https://tekaposhuttlenz.com/
2,Awesome Tours NZ,Dunedin/Otago Peninsula,Dunedin,day tour,small group coach van,in-house,https://awesometours.co.nz/,mark@awesometours.co.nz,+64 27 431 0989,Mark Dixon (owner),Daily wildlife eco-tours with cruise ship pickups from Port Chalmers,https://awesometours.co.nz/
2,Luxe Tours,Fiordland,Te Anau,day tour,"Multiple 2023/2024 Mercedes coaches, max 13 pax",Rezdy,https://www.luxetours.co.nz/,unknown,unknown,unknown,"Runs ex-Queenstown and ex-Te Anau Milford tours daily; family owned, Qualmark Gold",https://www.luxetours.co.nz/
2,Cambridge Tours and Transfers,Hamilton-Waikato,Cambridge,day tour,5-seater and 11-seater vehicles,in-house,https://www.rotoruatoursandtransfers.co.nz,graemeent@xtra.co.nz,027 362 8867,Graeme (owner),Hobbiton/Waitomo/Rotorua private tours + cruise pickups + airport transfers; 20 yrs,https://www.rotoruatoursandtransfers.co.nz/
2,Grape Escape Wine Tours,Hawke's Bay,Napier,day tour,Mercedes vehicles; 1175+ reviews averaging 4.9,in-house (Bookeo),https://www.grapeescape.net.nz/,admin@grapeescape.net.nz,0800 100 489,Greg and Dee (owners),"Pickups across Napier, Hastings and Havelock North since 2002",https://www.grapeescape.net.nz/
2,Marlborough Sounds Adventure Company,Marlborough,Picton,adventure w/ pickups,unknown,Rezdy,https://www.marlboroughsounds.co.nz/,unknown,+64 3 573 6078,unknown,Oldest adventure company in Marlborough; kayak/walk/bike packages on QCT needing water transport coordination,https://www.marlboroughsounds.co.nz/
2,Marlborough Wine Tours (The Original),Marlborough,Blenheim,day tour,fleet page on site; groups 6-10 pax,FareHarbor,https://marlboroughwinetours.co.nz/,unknown,0800 574 288,unknown,Daily tours with Picton 9:30am and Blenheim 10am pickups; cruise ship days,https://marlboroughwinetours.co.nz/
2,Real New Zealand Farm Tours,National,Christchurch,day tour,modern air-con vehicles plus shuttle; escorted coach tours; Qualmark Gold,in-house,https://www.realnewzealandfarmtours.co.nz/,info@realnewzealandtours.co.nz,+64 21 177 9526,Geoff (founder),"Escorted coach and private tours combining farm, winery and city with cruise-ship demand",https://www.realnewzealandfarmtours.co.nz/
2,Stray Travel,National,Auckland,multi-day,buses max 24 travellers plus driver guide,Zaui,https://www.straytravel.com/,reservations@straytravel.com,+64 9 526 2410,unknown,New website Sept 2026; 2400+ reviews; driver-guide-led hop-on network needs daily pax manifests,https://www.straytravel.com/
2,Mullarkey Tours,Northland,Kerikeri / Paihia,day tour,minibus max 11 pax; Cape Reinga day tours + Auckland Airport shuttles; based at Bay of Islands Airport,Rezdy,https://mullarkeytours.co.nz/,unknown,0800 121 652,unknown,7:30am Paihia i-SITE pickups plus Kerikeri; also runs point-to-point Auckland airport transfers on same fleet,https://mullarkeytours.co.nz/cape-reinga/
2,Russell Mini Tours,Northland,Russell,day tour,"minibuses/coaches for 9, 18 or 21 pax; pickups Russell and Paihia",in-house,https://www.russellminitours.com/,russelltours@hotmail.com,021 182 9359,"Shane & Kelly Maddren (owners, named on site)",Bookings taken by email/phone only; cross-harbour pickups from Paihia and Russell,https://www.russellminitours.com/
2,Door2Door Waitaki,Oamaru,Oamaru,shuttle-transfer,"hybrid cars, AWD SUV and 8-seater van; started 2022",in-house,https://door2door.co.nz/,info@door2door.co.nz,03 434 6323,Annabel and Graeme Denize (owners),"Alps 2 Ocean shuttle, Moeraki tours, airport and medical transfers all dispatched by phone/email",https://door2door.co.nz/
2,4WD Expeditions,Queenstown Lakes,Queenstown,adventure w/ pickups,"Small family-run 4WD fleet, max 4 per vehicle",unknown,https://www.4wdexpeditions.nz/,info@4WDexpeditions.nz,0800 493 386,Del (owner-guide),Free central Queenstown accommodation pickups,https://www.4wdexpeditions.nz/about-us
2,Around The Basin,Queenstown Lakes,Queenstown,shuttle-transfer,Bike shuttles AM/PM daily across 130km trail network,unknown,https://www.aroundthebasin.co.nz/,bookings@aroundthebasin.co.nz,027 952 5801,"Steve, Lisa and Hamish (owners)",Scheduled shuttle departures Queenstown/Arrowtown/Gibbston daily,https://www.newzealand.com/int/plan/business/around-the-basin-bike-shuttle/
2,Arrowtown Wine Tours,Queenstown Lakes,Arrowtown / Gibbston,day tour,"Luxury Mercedes coach, door-to-door pickups",Rezdy,https://arrowtownwinetours.co.nz/,unknown (obfuscated on site),+64 3 3900 600,unknown,Door-to-door pickups Arrowtown and Queenstown,https://arrowtownwinetours.co.nz/
2,Professional Touring Queenstown,Queenstown Lakes,Queenstown,charter coach,Coach (count unknown),unknown,https://www.professionaltouring.com/,info@professionaltouring.com,0800 445 446,Morgan McCammon (per Destination Queenstown transport guide),"Wine, golf, Milford private charters",https://www.professionaltouring.com/
2,Queenstown Snow Transport,Queenstown Lakes,Queenstown,shuttle-transfer,Vehicles up to 19 pax,in-house,https://www.qtsnowtransport.co.nz/,info@qtsnowtransport.co.nz,0800 245 382,Ryan (owner - per site testimonial),Seasonal private ski shuttle; scheduled + private options,https://www.qtsnowtransport.co.nz/
2,Queenstown Transport Charters (QTC),Queenstown Lakes,Queenstown,charter coach,"Luxury cars, SUVs, Coaster coaches (tour fleet page)",in-house (quote form),https://www.queenstowntransport.com/,bookings@queenstowntransport.com,unknown,Rayana Kershaw (per Destination Queenstown transport guide),"Airport, ski, wine, golf, conference group transport",https://www.queenstowntransport.com/
2,Roam Wanaka,Queenstown Lakes,Wanaka,shuttle-transfer,"Premium European vehicles, 6-pax VW 4WD",unknown,https://www.roamwanaka.com/,info@roamwanaka.com,+64 21 226 4350,Nick (owner-operator),Airport shuttles Wanaka-Queenstown + wine tours with team of local guides,https://www.roamwanaka.com/
2,ScenicNZ Queenstown,Queenstown Lakes,Queenstown,charter coach,"Luxury coaches, minibuses, limousines (multi-city)",unknown,https://www.scenicnz.co.nz/,queenstown@scenicnz.co.nz,+64 3 662 9016,Sarah Russell (Queenstown contact per Destination Queenstown transport guide),Multi-hub charter ops Auckland/Christchurch/Queenstown,https://www.scenicnz.co.nz/
2,Skippers Canyon Jet,Queenstown Lakes,Queenstown,adventure w/ pickups,22-seater vans plus Unimog vehicles into Skippers,in-house,https://www.skipperscanyonjet.co.nz/,info@skipperscanyon.co.nz,0800 226 966,Gavin Larsen (Marketing Manager),Central Queenstown pickup for every departure,https://www.skipperscanyonjet.co.nz/contact/
2,Wanaka Wine Tours,Queenstown Lakes,Wanaka,day tour,Modern vans (count unknown),unknown,https://wanakawinetours.com/,info@wanakawinetours.com,0800 946 346,Megan Williams and Scott West (owners),Daily half/full-day departures since 2001,https://wanakawinetours.com/about-us/
2,Elite Adventures,Rotorua,Rotorua,day tour,unknown (scheduled small-group shared + private tours; shore excursions),FareHarbor,https://www.eliteadventures.co.nz,unknown,+64 7 347 8282,unknown,Scheduled daily half/full-day departures + Tauranga shore excursions; strict 24hr cancellation policy,https://www.eliteadventures.co.nz/contact-us/
2,Ready2Roll Tours and Transfers,Rotorua,Rotorua,shuttle-transfer,vehicles for individuals up to groups of 16; 24hr emergency line,in-house,https://ready2roll.co.nz,bookings@ready2roll.co.nz,+64 21 258 9887,Alan (owner) and Carleen (bookings),"Rotorua + Auckland airport transfers, Hobbiton/Waitomo/Taupo tours, Tauranga + Auckland cruise shore excursions; Qualmark Silver",https://ready2roll.co.nz/
2,Lynette Jack Scenic Sights,Southland,Invercargill,day tour,unknown,unknown,https://www.ljscenicsights.co.nz/,scenic.sights@xtra.co.nz,027 433 8370,Lynette Jack (owner),Catlins/Bluff/Riverton tours 2hr to full day,https://www.ljscenicsights.co.nz/?page_id=16
2,Taupo Kayaking Adventures,Taupo/Turangi,Taupo,adventure w/ pickups,"multiple departure points (Acacia Bay, Yacht Club, Kinloch, trailheads); boat transfers",Rezdy,https://www.tka.co.nz,unknown,unknown,unknown,CBD pickups on request; kayak + MTB + walking tours incl. TAC; multi-departure-point coordination,https://tka.rezdy.com/
2,Taupo Private Tours & Transfers,Taupo/Turangi,Taupo,day tour,"7 Mercedes-Benz vehicles (Sprinters, V-Class, E-Class, SUVs) + heli/charter jet arrangements",in-house,https://www.taupotoursandtransfers.com,info@taupoprivatetransfers.com,+64 7 377 8577,Alistair Tod (owner/operator),"Team of 4 named driver/guides; hourly-rate private touring, golf groups, airport transfers",https://www.taupotoursandtransfers.com/
2,BOP Trips,Tauranga/Mt Maunganui,Tauranga (Pyes Pa),day tour,10- and 12-seater late-model vans,unknown,https://www.boptrips.com,koushal@boptrips.com,+64 27 531 4665,Kaushal (owner/guide),Cruise shore trips since 2011 with back-on-time guarantee; also van hire + airport shuttles,https://www.boptrips.com/
2,Custom Day Tours NZ,Tauranga/Mt Maunganui,Papamoa Beach,day tour,unknown (small set number of guests at a time),in-house,https://customdaytours.co.nz,info@customdaytours.co.nz,+64 21 191 2606,Terry and Carolyn Kelliher (owners),Cruise shore excursions + Hobbiton/Waitomo/Rotorua/Coromandel day tours with Auckland hotel pickups,https://customdaytours.co.nz/
2,Hinterland Tours,Tauranga/Mt Maunganui,Mount Maunganui,multi-day,luxury coaches; avg group 17 with ~25% spare seats,in-house,https://www.hinterlandtours.co.nz,info@hinterlandtours.co.nz,07 282 7663,"Rick, Kae and Brad Coleman (founders)",Escorted multi-day NZ tours + BOP day trips (Opotiki/Whakatane) + theatre excursions,https://www.hinterlandtours.co.nz/
2,Scott Tours,Tauranga/Mt Maunganui,Tauranga,day tour,"air-conditioned vehicles, max 11 pax per vehicle; hourly charters",in-house,https://www.scott-tours.co.nz,scott.tours.nz@gmail.com,+64 27 475 9578,Geoff (tour guide/driver),Cruise-day Rotorua/Hobbiton tours with return-before-embarkation guarantee; Qualmark Silver,https://www.scott-tours.co.nz/
2,Tauranga Hop On Hop Off (Tranzit),Tauranga/Mt Maunganui,Tauranga,day tour,unknown (loop bus service; also Wellington),FareHarbor,https://www.hoponhopoff.nz,unknown,unknown,unknown,Cruise-day loop service with frequent stops; Qualmark Gold; part of Tranzit group,https://www.hoponhopoff.nz/
2,Wicked Wanders,Tauranga/Mt Maunganui,Tauranga,day tour,unknown (max 11 pax groups; i-SITE pickups),unknown,https://wickedwanders.co.nz,info@wickedwanders.co.nz,+64 7 577 6333,Russell Christian (owner/operator),History/tasting tours from Tauranga i-SITE + private hire; Qualmark Silver; est 2015,https://wickedwanders.co.nz/about/
2,Adrift Tongariro,Tongariro/Ruapehu,National Park Village,adventure w/ pickups,"guides + transport for TAC, Ruapehu summit, Tama Lakes + Whanganui River canoe trips",Rezdy,https://adriftnz.co.nz,unknown,+64 7 892 2751,unknown,Daily guided TAC departures with transport; 21 yrs operating; multi-day canoe logistics,https://www.lovetaupo.com/en/see-do/sightseeing-tours-transport/tours-transport/
2,uTours Wellington,Wellington,Wellington,day tour,late model vehicles; two owner-guides,in-house,https://utourswellington.nz/,hello@utourswellington.nz,+64 4 934 8389,Suzee Wolstenholme and Jo Doyle (owners),Cruise shore excursions; site says availability limited so book early,https://utourswellington.nz/
2,Glacier Shuttles & Charters,West Coast,Franz Josef,shuttle-transfer,Hino bus for scheduled glacier shuttles; Toyota Hiace and charter fleet; multiple daily departures 8:45am-7:30pm,in-house,https://www.glaciershuttlescharters.co.nz,info@glaciershuttlescharters.co.nz,0800 999 739,Anne and Richard (owners),Bookings by phone/email only; accommodation pickups on set timetable plus airport/train meet-and-greets,https://www.glaciershuttlescharters.co.nz/
2,Glacier Valley Eco Tours,West Coast,Franz Josef,day tour,unknown (guided nature walks with vehicle transfers from Main Road base),in-house,https://www.glaciervalley.co.nz,info@glaciervalley.co.nz,0800 925 586,Cliff and Tash Goodwin (owners),Sells via Viator; own 'book now' page - verify engine,https://www.glaciervalley.co.nz/
2,Hokitika Scenic Tours,West Coast,Hokitika,day tour,"5 vehicles: late-model SUVs, 7-seaters and 10-seaters; Qualmark Gold; est. 2004",other (BookIt),https://hokitikascenictours.nz,unknown,+64 21 0232 5363,Rachel (owner/operator),"Daily departures with pickups from Hokitika airport, Greymouth train station and accommodation by arrangement",https://westcoast.co.nz/visit/operators/hokitika-scenic-tours/
1,Ananda Tours,Auckland,Waiheke Island,day tour,daily shared group + private tours; 27 yrs family-owned; GetYourGuide supplier,unknown,https://www.ananda.co.nz/,info@ananda.co.nz,+64 9 372 7530,unknown,"Daily ferry-timed shared tours plus private; multi-OTA distribution (GYG, TripAdvisor)",https://www.newzealand.com/int/plan/business/ananda-tours-ltd/
1,Brightlane Luxury Transfers & Tours,Auckland,Gulf Harbour / Grey Lynn Auckland,shuttle-transfer,chauffeur fleet; head office Gulf Harbour + city office,in-house,https://www.brightlane.co.nz/,info@brightlane.net,0800 900 100,unknown,Airport meet-and-greet with waiting time; free-cancellation booking system; two offices,https://www.brightlane.co.nz/Contact
1,Collective Coaches,Auckland,Auckland,charter coach,"20, 25 and 50 seater buses; charter-only with drivers; NZ owned",in-house,https://www.collectivecoaches.co.nz/,info@collectivecoaches.co.nz,0800 558 726,unknown,Quote-form based charter booking; drivers dispatched across Auckland region,https://www.collectivecoaches.co.nz/
1,Easy Transport Waiheke,Auckland,Waiheke Island,shuttle-transfer,"taxi, shuttle and tour vehicles; up to 20 pax per booking; English/German",in-house,https://www.easytransportwaiheke.co.nz/,bookings@easytransportwaiheke.co.nz,022 612 6760,unknown,8:30am-12:30am operating window with late bookings; contact-form based booking,https://www.easytransportwaiheke.co.nz/
1,MoaTrek,Auckland,Ellerslie Auckland,multi-day,small group max 18 pax; own Kiwi guides; since 1971,in-house,https://www.moatrek.com/,info@moatrek.com,+64 9 575 6063,unknown,Multi-day nationwide itineraries departing Auckland; 7-day phone line 8:30-5,https://www.moatrek.com/contact
1,Waiheke Island Wine Tours,Auckland,Waiheke Island,day tour,small-group and private wine tours; two named contacts,unknown,https://waihekeislandwinetours.co.nz/,unknown,+64 21 228 7423,Ruthy and Glenn (named on contact page),Two-person team taking calls 9-5 while running tours,https://waihekeislandwinetours.co.nz/contact-us/
1,Akaroa French Connection,Canterbury,Christchurch / Akaroa,shuttle-transfer,unknown (part of Cityline Christchurch group with Hanmer Connection and Southern Connections; daily Chch-Akaroa coach),in-house,https://www.akaroabus.co.nz,info@akaroabus.co.nz,0800 800 575,unknown,Daily scheduled departures 8:50am Bus Interchange; also sold via Viator/Bookme - multi-channel manifest reconciliation,https://www.akaroabus.co.nz/contact-us
1,Akaroa Shuttle (Akaroa Scenic Tours and Shuttle),Canterbury,Christchurch / Akaroa,shuttle-transfer,unknown,other (BookIt),https://www.akaroashuttle.co.nz,info@akaroashuttle.co.nz,0800 500 929,unknown,Site still shows a 2020 'services suspended' notice alongside a current seasonal timetable - verify operating status before outreach,https://www.akaroashuttle.co.nz/
1,ChauffeurNZ,Canterbury,Christchurch,day tour,Mercedes fleet incl. Sprinters up to 11 pax; own vehicles and local drivers since 2015,in-house,https://www.chauffeurnz.com,info@chauffeurnz.com,+64 27 251 1133,unknown,"Quote-form bookings; runs Akaroa, Waipara and airport transfer products daily",https://www.chauffeurnz.com/
1,Hanmer Springs Adventure Centre,Canterbury,Hanmer Springs,adventure w/ pickups,"unknown (shuttles for winery tours, ski field, St James Cycleway; quad bike tours)",unknown,https://hanmeradventure.co.nz,info@hanmeradventure.co.nz,+64 3 315 7233,unknown,Multi-activity operator running ski-field and cycle-trail shuttles 7 days,https://visithanmersprings.co.nz/things-to-do/tours/listing/hanmer-springs-adventure-centre
1,Hanmer Tours & Shuttle,Canterbury,Hanmer Springs,shuttle-transfer,unknown (daily Chch airport shuttle + trampers transport on demand + charters),unknown,https://wwwhanmertoursconz.odoo.com/,info@hanmertours.co.nz,+64 3 315 7418,unknown,Odoo-hosted website suggests DIY tooling; runs on-demand trampers transport alongside daily schedule,https://visithurunui.co.nz/listings/listing/hanmer-tours
1,PureTrails New Zealand,Canterbury,Christchurch,multi-day,16-seat support buses with bike trailers (multi-day cycle tours starting Christchurch),in-house,https://puretrailsnewzealand.co.nz,info@puretrails.co.nz,+64 21 178 8287,unknown,Contact-form bookings with manual quote/deposit flow; 18 years operating,https://puretrailsnewzealand.co.nz/
1,Twizel Transfers,Canterbury,Twizel,shuttle-transfer,"unknown (private transfers Mackenzie region, Alps 2 Ocean cycle drop-offs, sightseeing tours)",in-house,https://www.twizeltransfers.nz,unknown,+64 27 485 1695,Warren (owner - first name only),Phone-only bookings; likely small operator - qualify fleet size first,https://www.mackenzienz.com/visit/twizel-transfers/
1,Waipara Wine Tours,Canterbury,Christchurch / Waipara,day tour,"unknown (20+ years, 20,000+ guests; driver John named in reviews)",in-house,https://www.waiparawinetour.co.nz,info@waiparawinetour.co.nz,unknown,unknown,Enquiry-form booking only - no online booking engine,https://www.waiparawinetour.co.nz/
1,Cycle Journeys,Canterbury / West Coast,Christchurch (West Coast shuttle network),shuttle-transfer,Full network of West Coast shuttles (Greymouth-Kumara-Hokitika-Ross) with sister company Wilderness Trail Shuttle,in-house,https://cyclejourneys.co.nz,info@cyclejourneys.co.nz,0800 22 44 75,unknown,Multi-trail shuttle + vehicle relocation + luggage transfer logistics across several regions,https://cyclejourneys.co.nz/west-coast/transport/
1,Obelisk Tours,Central Otago,Clyde,day tour,comfortable vehicles for vineyards and cycle trails; family-owned,in-house,https://www.obelisktours.co.nz/,info@obelisktours.co.nz,+64 21 226 6514,unknown,Bespoke wine tours and private transport across Clyde/Alexandra/Cromwell booked via contact form,https://www.obelisktours.co.nz/
1,Whitianga Tours and Taxi (Coromandel Nature Tours),Coromandel,Whitianga,day tour,SUVs; Whitianga's only road-based licensed tour operator,in-house,https://www.coromandel-nature-tours.com,info@coromandel-nature-tours.com,unknown,unknown,Hot Water Beach/Cathedral Cove tours + airport transfers + multi-day Waitomo/Hobbiton/Rotorua tours; multilingual,https://www.coromandel-nature-tours.com/
1,Back to Nature Tours,Dunedin/Otago Peninsula,Dunedin,day tour,unknown,in-house,https://www.backtonaturetours.co.nz/,mail@backtonaturetours.co.nz,0800 286 000,unknown,Nearly 30 years locally owned; small group tours operating 8am-8pm daily,https://www.backtonaturetours.co.nz/
1,Otago Shuttles,Dunedin/Otago Peninsula,Dunedin,day tour,modern vehicles,in-house + Viator,https://www.otagoshuttles.co.nz/,unknown,unknown,Warren Teasdale (owner-operator),Cruise ship tours sold via Viator plus Central Otago wine tours and Moeraki trips,https://www.otagoshuttles.co.nz/
1,Tracknet Transport,Fiordland,Te Anau,shuttle-transfer,Bus and coach fleet; daily Te Anau-Queenstown + track services,OperatorHub,https://www.tracknet.net/,res@tracknet.net,0800 483 262,unknown,Family-owned 35+ yrs; Qualmark Gold; seasonal timetable Oct-Apr,https://www.tracknet.net/
1,Trips & Tramps,Fiordland,Te Anau,day tour,"Small coaches, max 12-14 pax",unknown,https://tripsandtramps.com/,info@tripsandtramps.com,0800 305 807,unknown,Family-run 30+ yrs; default pickup at Fiordland Events Centre,https://tripsandtramps.com/
1,Backpackers Central Hamilton Shuttles,Hamilton-Waikato,Hamilton,shuttle-transfer,unknown (24hr door-to-door; shared min 2 pax),in-house (Google Form),https://www.backpackerscentral.co.nz/shuttle,info@backpackerscentral.co.nz,07 839 1928,unknown,Google Form bookings for Waitomo/Hobbiton/Raglan/Rotorua shuttles; hostel-run ops,https://www.backpackerscentral.co.nz/shuttle
1,Kiwi Coaches (Hamilton depot),Hamilton-Waikato,Hamilton,charter coach,"minivans, minibuses, 37-seat business-class coaches, full-size coaches; 12 NZ locations",in-house,https://www.kiwicoaches.co.nz/hamilton-waikato-bus-coach-hire,info@kiwicoaches.co.nz,+64 9 636 5232,unknown,Hobbiton/Waitomo tourism charters + Fieldays/Claudelands event surges; quote-by-email bookings,https://www.kiwicoaches.co.nz/hamilton-waikato-bus-coach-hire
1,Raglan Shuttle / Raglan Scenic Tours,Hamilton-Waikato,Raglan,shuttle-transfer,24-seater bus + 11-seater vans,in-house,https://www.raglanshuttle.co.nz,info@raglanshuttle.co.nz,+64 7 825 8159,unknown,Airport/bus/train/cruise-terminal transfers 8am-10pm 7 days + Waitomo/Hobbiton/Rotorua tours + school/sports group charters,https://www.waikatonz.com/transport/raglan-shuttle/
1,Supervans Shuttle,Hamilton-Waikato,Hamilton (Rototuna),shuttle-transfer,11-pax Supervans; shared + private; 24/7,in-house,https://www.supervans.co.nz,info@supervans.co.nz,0800 777 826,unknown,Hamilton-Auckland Airport shared shuttles with flight monitoring + Waitomo/Hobbiton half-day tours; since 2016,https://www.supervans.co.nz/
1,Absolute de Tours,Hawke's Bay,Napier,day tour,buses plus vintage cars; fleet page on site,in-house,https://www.absolutedetours.co.nz/,unknown,+64 6 844 8699,Yvonne and John Banks (operators),Daily Discoverer bus tour plus cruise ship days; web booking form only,https://www.absolutedetours.co.nz/
1,Bay Tours & Charters,Hawke's Bay,Napier,charter coach,"luxury sedans, Mercedes Sprinters, minibuses and coaches 2-53 pax",in-house,https://www.baytours.co.nz/,info@baytours.co.nz,0800 868 742,unknown,"Cruise shore excursions plus airport transfers, school and corporate charters across mixed fleet",https://www.baytours.co.nz/
1,Hawke's Bay Scenic Tours,Hawke's Bay,Hastings,day tour,modern air-conditioned vehicles,in-house,https://hbscenictours.co.nz/,great_tours@hbscenictours.co.nz,+64 22 087 3281,unknown,Napier cruise shore excursions with port-timed itineraries; wine and sightseeing tours,https://hbscenictours.co.nz/
1,Cougar Line,Marlborough,Picton,shuttle-transfer,multiple catamarans; daily scheduled Queen Charlotte Track departures,in-house,https://www.cougarline.co.nz/,info@cougarline.co.nz,0800 50 40 90,unknown,Daily scheduled QCT water transfers with pack transfers; winter minimum-number rules,https://www.cougarline.co.nz/
1,Highlight Wine Tours,Marlborough,Blenheim,day tour,"11-seater air-con coaches plus classic cars (Mustang, Kombi, Chevy)",in-house,https://www.highlightwinetours.co.nz/,unknown,+64 3 577 9046,David and Colleen (owner-operators),"Three daily departures (10am, 11:30am, 1pm) with door-to-door pickups Blenheim/Picton/Havelock",https://www.highlightwinetours.co.nz/
1,Jade Tours Marlborough,Marlborough,Blenheim,day tour,max 10 guests per tour; guides John and Bruce,in-house,https://marlboroughjadetours.co.nz/,unknown,027 228 3701,Bruce Thomas (owner),Daily small-group tours with pickups Blenheim/Picton/Lyttelton and cruise excursions,https://marlboroughjadetours.co.nz/
1,Marlborough Shuttles,Marlborough,Blenheim,shuttle-transfer,guides Lynn and Carol in reviews,in-house,https://www.marlboroughshuttles.co.nz/,info@marlboroughshuttles.co.nz,0800 20 30 27,unknown,24/7 meeting all flights and ferries plus track shuttles; pickups scheduled via web form,https://www.marlboroughshuttles.co.nz/
1,Marlborough Tour Company,Marlborough,Blenheim,day tour,MV Odyssea vessel plus coaches and touring vans for charters,in-house,https://www.marlboroughtourcompany.co.nz/,info@marlboroughtourcompany.co.nz,0800 99 0800,unknown,Marlborough's largest tour operator; land wine tours plus Picton cruises and cruise-ship excursions,https://www.marlboroughtourcompany.co.nz/
1,Sounds Connection,Marlborough,Picton,day tour,unknown,in-house,https://soundsconnection.com/,unknown,+64 3 573 8843,Mark and Maria Baxter (founders),Cruise ship excursions and Picton scenic tours since 1993; Qualmark Gold,https://soundsconnection.com/tours/cruise-ship-excursions/
1,Flying Kiwi Adventure Tours,National,Auckland,multi-day,camping/hiking tour buses since 1988,Zaui,https://www.flyingkiwi.com/,unknown,+64 3 547 0171,unknown,Shares Stray's Zaui booking system (stray.zaui.net); multi-day camping tours both islands,https://www.flyingkiwi.com/
1,Kirra Tours,National,Auckland,multi-day,modern spacious coaches; 7-17 day tours for over-50s,Zaui,https://www.kirratours.co.nz/,unknown,+64 9 220 5532,unknown,Premium coach touring 7-17 days with meals and hotels to coordinate,https://www.kirratours.co.nz/
1,Golden Bay Air (Abel Tasman Shuttles),Nelson/Abel Tasman,Takaka,shuttle-transfer,scheduled shuttle buses Nelson-Marahau/Kaiteriteri/Wainui/Takaka/Karamea plus aircraft,in-house (tflite),https://goldenbayair.co.nz/shuttles,info@goldenbayair.co.nz,0800 588 885,unknown,Multiple daily scheduled routes Nov-Apr with door-to-door pickups selected at booking; minimum-passenger rules in winter,https://goldenbayair.co.nz/shuttles
1,The Heaphy Bus / Nelson Lakes Shuttles / Trek Express,Nelson/Abel Tasman,Mapua,shuttle-transfer,4WD vans and buses with bike trailers; three brands on one phone number,in-house (JotForm),https://theheaphybus.co.nz/,info@nelsonlakesshuttles.co.nz,03 540 2042,unknown,"Three shuttle brands (Heaphy, Nelson Lakes, Trek Express) run from one office; seasonal fixed schedule plus on-demand",https://churnewzealand.com/nz-hiking-shuttles-track-transport/
1,Trips and Transfers Nelson Lakes,Nelson/Abel Tasman,St Arnaud,shuttle-transfer,modern vehicles; women drivers with 30+ years; CoF/TSL/DoC concession,in-house,https://tripsandtransfers.co.nz/,kiaora@tripsandtransfers.co.nz,+64 22 615 4915,unknown,Door-to-door transfers across Nelson and Marlborough fitted around client timetables; Qualmark,https://tripsandtransfers.co.nz/
1,ABC Shuttle & Tours,Northland,Kerikeri,shuttle-transfer,"11-seat and 6-seat air-con minibuses; airport transfers, BOI tours, cruise passenger tours, Auckland/Whangarei transfers",in-house,https://www.abcshuttle.co.nz/,info@abcshuttle.co.nz,+64 22 025 0800,unknown,Door-to-door pickups anywhere from Bay of Islands to Auckland incl. wharfs and airports,https://www.abcshuttle.co.nz/contact
1,Sand Safaris Cape Reinga 90 Mile Beach Tours,Northland,Kaitaia,day tour,"4WD beach buses; ~30 yrs; pickups Ahipara, Kaitaia, Awanui",unknown,https://www.sandsafaris.co.nz/,info@sandsafaris.co.nz,0800 869 090,unknown,Multi-point morning pickups for daily Cape Reinga runs; high TripAdvisor review volume,https://www.tripadvisor.co.nz/Attraction_Review-g609158-d2518961-Reviews-Sand_Safaris_Cape_Reinga_90_Mile_Beach_Tours-Kaitaia_Northland_Region_North_Islan.html
1,Whangarei Tours,Northland,Whangarei,day tour,small-scale personal sightseeing/eco tours in English and German,unknown,https://whangareitours.co.nz/,wendy@whangareitours.co.nz,+64 9 437 6238,unknown,Small guided sightseeing operation listed with Northland Inc; flexible-length tours,https://northlandnz.com/listing/whangarei-tours
1,Aspiring Guides,Queenstown Lakes,Wanaka,adventure w/ pickups,"Guided day hikes with accommodation pickup, 30-60 min drives",unknown,https://www.aspiringguides.com/,info@aspiringguides.com,+64 27 301 0466,unknown,Pickups arranged from Wanaka accommodation,https://www.aspiringguides.com/contact
1,Info & Snow (Pure Tourism Group),Queenstown Lakes,Queenstown,shuttle-transfer,Scheduled ski buses to Coronet Peak/Remarkables (count unknown),OperatorHub,https://www.infosnow.co.nz/,play@infosnow.co.nz,+64 3 442 5958,unknown,Employment page live; ownership changed 2025 to Pure Tourism Group,https://www.infosnow.co.nz/about/
1,Info & Track / Glenorchy Journeys,Queenstown Lakes,Queenstown / Glenorchy,shuttle-transfer,Daily track buses Queenstown-Glenorchy-Routeburn (count unknown),OperatorHub,https://www.infotrack.co.nz/,adventure@infotrack.co.nz,+64 3 442 9708,unknown,"Great Walks season daily departures, airport + accommodation pickups on request",https://www.infotrack.co.nz/
1,WanaHaka,Queenstown Lakes,Wanaka,day tour,unknown,in-house,https://www.wanahaka.co.nz/,info@wanahaka.co.nz,+64 21 519 730,unknown,Maori-led wine/cultural tours across Wanaka and Queenstown,https://www.wanahaka.co.nz/
1,Wanaka Bike Tours,Queenstown Lakes,Wanaka,shuttle-transfer,Self-guided MTB shuttles Wanaka/Hawea/Lake Dunstan,unknown,https://wanakabiketours.co.nz/,hello@wanakabiketours.co.nz,0800 862 453,unknown,Shuttle pickups from outside Wanaka i-SITE,https://wanakabiketours.co.nz/shuttle-services/
1,Silver Bird Tours & Shuttles,Rotorua,Rotorua/Murupara,shuttle-transfer,11-seat Toyota Hiace vans,in-house,https://www.silverbirdshuttlesnzwix.com,silverbirdtours.shuttle@gmail.com,+64 21 079 4323,unknown,"Airport transfers from Auckland, hotel pickups, Whirinaki Forest tours, school trips; Maori whanau-owned",https://www.rotoruanz.com/visit/listing/things-to-do/silver-bird-tours-shuttles
1,Event Bus / Rambler Coachlines Invercargill,Southland,Invercargill,charter coach,Minibuses and charter coaches (Invercargill depot),unknown,https://ramblercoachlines.nz/invercargill-minibus-rental-coach-charter/,info@ramblercoachlines.co.nz,0800 233 662,unknown,Event Bus merged into Rambler Coachlines; Catlins/Milford/Doubtful day tours,https://ramblercoachlines.nz/invercargill-minibus-rental-coach-charter/
1,Taranaki Driven (Taranaki Mountain Shuttle),Taranaki,New Plymouth,shuttle-transfer,shuttle buses; family business since 2006,Bookit,https://taranakidriven.nz/,taranakishuttle@gmail.com,+64 27 772 0040,unknown,Daily bus New Plymouth to visitor centre plus Pouakai Crossing transfers and event transport,https://taranakidriven.nz/
1,My Waka Your Waka,Taupo/Turangi,Turangi,shuttle-transfer,hybrid vehicle(s),unknown,https://www.mywakayourwaka.com,info@mywakayourwaka.com,+64 21 146 7654,unknown,7-day 7:30am-8pm custom transfers/airport shuttles across Central Plateau,https://www.lovetaupo.com/en/operators/my-waka-your-waka/
1,Tongariro Adventures (Shuttle),Taupo/Turangi,Kuratau/Turangi,shuttle-transfer,"vehicles up to 8 guests, air-conditioned",unknown,https://www.tongariroadventures.co.nz,barb@tongariroadventures.co.nz,+64 7 386 6224,unknown,Year-round from 6:30am; bus/train/plane connection transfers + TAC + winter Whakapapa,https://www.lovetaupo.com/en/operators/shuttle-tongariro-adventures/
1,Cruise Tours Tauranga (Mount Classic division),Tauranga/Mt Maunganui,Mount Maunganui,day tour,modern air-conditioned fleet; all drivers PSL,in-house (cruisetourbooking.com),https://www.cruisetourstauranga.co.nz,info@cruisetourstauranga.co.nz,+64 7 571 2453,unknown,Multiple Rotorua/Hobbiton shore excursions per ship day with guaranteed back-to-ship timing,https://www.cruisetourstauranga.co.nz/about-us
1,Tauranga Cruise and Tour,Tauranga/Mt Maunganui,Tauranga,day tour,unknown (1-4 pax small group),in-house (cart),https://taurangacruiseandtour.co.nz,unknown,+64 21 052 2272,Nigel and Trudi (owners),Port-to-Hobbiton/Rotorua cruise day tours; two-person owner team handling bookings,https://taurangacruiseandtour.co.nz/contact/
1,Kune Bikes & Shuttles,Tongariro/Ruapehu,Ohakune,adventure w/ pickups,30+ e-bike hire fleet; shuttle vans + jet boat logistics across 7 trails,in-house,https://www.kuneshuttles.co.nz,info@kuneshuttles.co.nz,+64 22 583 1292,unknown,"Remote-trail shuttle logistics (Bridge to Nowhere, Mountains to Sea) daily 7am-6pm; multi-day group packages",https://www.kuneshuttles.co.nz/
1,Capital Shuttles & Tours,Wellington,Upper Hutt,shuttle-transfer,"hybrid cars, shuttle vans, wheelchair-accessible vehicle, coaches up to 50 pax",in-house,https://capitalshuttles.co.nz/,unknown,+64 27 564 4459,Rose (founder),Mixed fleet airport transfers plus private tours across Wellington/Kapiti/Wairarapa,https://www.nzonline.org.nz/places/capital-shuttles-tours-wellington-shuttle-services/
1,Kaewa Tours,Wellington,Wellington,day tour,private tours 1-11 guests; TECNZ member,in-house,https://kaewatours.co.nz/,info@kaewatours.co.nz,+64 21 2800075,unknown,"Strictly private tours never combined; Wellington, Kapiti, Wairarapa and multi-day",https://www.tourismexportcouncil.org.nz/member_listing/kaewa-tours/
1,Green Jersey Explorer Tours,Wellington/Wairarapa,Martinborough,adventure w/ pickups,"bike fleet plus Remutaka/Martinborough shuttle vans; staff Jo, Johnny, Marty, Leo, Bronwyn in reviews",in-house,https://greenjersey.co.nz/,tours@greenjersey.co.nz,0800 2 EXPLORE,unknown,Runs Wairarapa/Remutaka shuttles alongside 1-6 day cycle tours; multi-product scheduling,https://greenjersey.co.nz/remutaka-and-martinborough-shuttles/
1,Buller Adventures,West Coast,Westport,adventure w/ pickups,"unknown (20+ yrs; Old Ghost Road and Paparoa Track shuttles, rafting/jet boat)",in-house,https://www.bulleradventures.com,bulleradventures@gmail.com,0508 486 877,unknown,Trail shuttle + adventure activities; gmail business address suggests light ops tooling,https://www.bulleradventures.com/contact
1,East West Coaches,West Coast,Westport / Christchurch,shuttle-transfer,"unknown (25+ years; daily Westport-Punakaiki-Greymouth-Christchurch via Arthur's Pass, plus Lewis Pass/Hanmer 3x weekly)",Zaui,https://www.eastwestcoaches.co.nz,unknown,+64 27 201 8825,unknown,Long-haul daily route with multiple pickup towns; Zaui booking,https://www.eastwestcoaches.co.nz/
1,Franz Josef Wilderness Tours (Glacier Kayaks),West Coast,Franz Josef,adventure w/ pickups,unknown (kayak tours Lake Mapourika with transport from Franz Josef),unknown,https://www.glacierkayaks.com,office@glacierkayaks.com,unknown,unknown,Website lacks booking/ops details - likely manual,https://www.glacierkayaks.com/
1,Greymouth Taxis,West Coast,Greymouth,shuttle-transfer,"unknown (Hokitika airport shuttle, TranzAlpine transfers, Punakaiki/Shantytown/Hokitika Gorge trips)",unknown,https://www.westcoasttravel.co.nz/greymouth-taxis/,greymouthtaxis@xtra.co.nz,+64 3 768 7078,unknown,Taxi/shuttle hybrid handling train and coach connections - qualify whether tour side is material,https://www.westcoasttravel.co.nz/greymouth-taxis/
1,Haast River Safari,West Coast,Haast,adventure w/ pickups,"unknown (jet boat tours from The Red Barn, Airport Road; c/o Jet West Ltd)",other (Rezgo),https://www.haastriver.co.nz,info@haastriver.co.nz,0800 865 382,unknown,TECNZ member; Rezgo booking; remote location with coach-tour arrivals,https://www.haastriver.co.nz/
1,Kiwi Journeys,West Coast,Hokitika,multi-day,"Bike hire + shuttle + luggage transfer network; bases in Nelson, Hokitika, Cromwell, Gibbston",in-house,https://www.kiwijourneys.co.nz,info@kiwijourneys.co.nz,0800 292 538,unknown,Multi-region logistics; enquiry-form bookings,https://www.kiwijourneys.co.nz/west-coast-wilderness-trail-tours
1,Uzabus Whakatane,Whakatane,Whakatane,charter coach,"10-seat minivans to 53-61 seat coaches; depots Tauranga, Katikati, Whakatane, Opotiki",in-house,https://uzabus.co.nz,info@uzabus.co.nz,07 308 6169,unknown,Whakatane airport door-to-door shuttle every flight daily + cruise excursions + charters + school runs,https://www.whakatane.com/services/whakatane-uzabus
0,Auckland Bus and Coach Hire,Auckland,Auckland,charter coach,12 to 57 seat vehicles; all seat-belted air-con,in-house,https://aucklandbusandcoachhire.co.nz/,unknown,unknown,unknown,Quote-form charter booking Mon-Fri only; after-hours by email,https://aucklandbusandcoachhire.co.nz/
0,Auckland Scenic Tours,Auckland,Auckland,day tour,yellow Mercedes-Benz 12 and 15 seaters; max 14 pax; 30+ yrs,in-house,https://www.aucklandscenictours.co.nz/,unknown,+64 21 403 325,unknown,Free hotel pickups for half-day/full-day/extended tours starting 6:30am; direct booking system to manage,https://www.aucklandscenictours.co.nz/
0,Auckland Wine Tours (NZWINEPRO / New Zealand Wine Promotions Ltd),Auckland,Auckland,day tour,minibus shuttles 6-21 pax; Kumeu / Waiheke / Matakana vineyard shuttles,in-house,https://aucklandwinetours.co.nz/,unknown,+64 9 575 1958,unknown,Runs a scheduled Matakana Vineyard Shuttle plus Kumeu and Waiheke tours; multi-region pickups,https://aucklandwinetours.co.nz/matakana-vineyard-shuttle/
0,Comfort Airport Shuttle Ltd,Auckland,Orewa / Red Beach,shuttle-transfer,Mercedes V-class 7 and 8 seaters; private and shared 24h airport + cruise terminal shuttles,in-house,https://www.comfortairportshuttle.co.nz/,unknown,+64 22 136 8490,unknown,24-hour shared/private shuttle ops from Hibiscus Coast to airport and cruise terminals,https://www.aucklandnz.com/explore/comfort-airport-shuttle
0,Liberty Shuttles Tours NZ,Auckland,Kaukapakapa / Rodney,shuttle-transfer,"24/7 airport shuttle for Rodney, Hibiscus Coast, North Shore; 10+ yrs",unknown,https://libertyshuttles.co.nz/,unknown,unknown,unknown,24/7 365 early-morning airport runs and cruise-ship pickups across a wide rural catchment,https://www.nzonline.org.nz/places/liberty-shuttles-auckland-airport/
0,Quick Shuttle,Auckland,Auckland,shuttle-transfer,"9-13 seat vans, 16 seat minibuses, 16-41 seat coaches, 50-51 seat buses; luggage trailers",in-house,https://www.quickshuttle.co.nz/,unknown,0800 366 723,unknown,Manual quote reply to every booking request; testimonials name two staff handling all bookings,https://www.quickshuttle.co.nz/
0,VIP Shuttle Auckland,Auckland,Auckland,shuttle-transfer,"Mercedes 12-seat Sprinters, 8-seat V-class, Alphards, 20-seat Sprinter coach; licensed Auckland Airport operator; also Chch/Queenstown",in-house,https://www.vipshuttle.co.nz/,unknown,0800 847 888,unknown,After-hours emergency line published; quote-based booking; multi-city ops,https://www.vipshuttle.co.nz/
0,Waiheke Shuttles Ltd,Auckland,Waiheke Island,shuttle-transfer,25-seat and 15-seat air-con buses; corporate/social/venue transfers,in-house (Zoho quote form),https://www.waihekeshuttles.co.nz/,unknown,unknown,unknown,Quotation via Zoho form; preferred venue supplier doing door-to-door and venue-to-venue runs,https://www.waihekeshuttles.co.nz/
0,Wild Kiwi,Auckland,Freemans Bay Auckland,multi-day,small group max 18; own vehicles section on site; tours depart Auckland,in-house (mytourinfo.com for manage-booking),https://www.wildkiwi.com/,unknown,+64 9 973 5676,unknown,Multi-day guided tours ex-Auckland with pre-trip info portal; Calendly sales calls,https://www.wildkiwi.com/contact
0,Budget Buses & Shuttles,Canterbury,Temuka / Timaru,shuttle-transfer,unknown (Timaru-Christchurch city/airport service with SH1 pickups),unknown,unknown,unknown,unknown,unknown,Directory-listed only - no findable website,https://www.finda.co.nz/business/listing/r13s/budget-buses-shuttles/
0,Christchurch Coach Charter,Canterbury,Christchurch,charter coach,"Minibuses to coaches 12-57 seats, seat-belted and air-con",in-house,https://christchurchbusandcoachhire.co.nz,unknown,unknown,unknown,Quote-based charter operator; no online booking,https://christchurchbusandcoachhire.co.nz/
0,Hanmer Connection,Canterbury,Christchurch / Hanmer Springs,shuttle-transfer,unknown (coach; same group as Akaroa French Connection),in-house,https://www.hanmerconnection.co.nz,unknown,0800 242 663,unknown,Daily 9:00am/4:30pm scheduled service; also sold on Bookme and TripAdvisor,https://www.hanmerconnection.co.nz/
0,Kaikoura Shuttles,Canterbury,Kaikoura,shuttle-transfer,Ford Transit coach plus private charter vehicles; 7-day service 8am-5pm; daily 12:30pm scenic tour,unknown,https://kaikourashuttles.co.nz,unknown,+64 3 319 6166,unknown,Runs free accommodation pickups for daily tour plus train/bus/air connections - dispatch-heavy,https://www.kaikoura.co.nz/listing/kaikoura-shuttles
0,Rangitata Rafts (Hidden Valleys),Canterbury,Peel Forest / Christchurch pickups,adventure w/ pickups,"Runs own daily Christchurch return transport (9:30am departure, $30pp) and Geraldine pickups",unknown,https://www.hiddenvalleysrafting.co.nz,unknown,unknown,unknown,Daily Christchurch pickup transport sold as add-on via Bookme/Viator - coordination across channels,https://www.bookme.co.nz/things-to-do/christchurch-canterbury-kaikoura/activity/rafting-grade-5-rangitata-rafts/533
0,Coromandel Adventures,Coromandel,Coromandel Town,shuttle-transfer,unknown (scheduled shuttle Coromandel Town-Whitianga-Hahei-Hot Water Beach timed to 360 Discovery ferry),unknown,https://www.coromandeladventures.co.nz,unknown,unknown,unknown,Ferry-connected scheduled shuttle + guided Coastal Walkway/kauri tours + multi-day tours + private hire,https://www.newzealand.com/nz/plan/business/coromandel-adventures-shuttles/
0,Go Kiwi Shuttles,Coromandel,Whitianga,shuttle-transfer,unknown (daily Auckland city/airport-Coromandel scheduled service),unknown,unknown,unknown,unknown,unknown,Daily scheduled Auckland-Thames-Tairua-Hahei-Whitianga-Matarangi route with many stops,https://thecoromandel.com/explore/go-kiwi-transport-and-tours/
0,Fiordland Outdoors Co.,Fiordland,Te Anau,shuttle-transfer,Buses + water taxis (count unknown),unknown,https://www.fiordlandoutdoors.co.nz/,unknown (obfuscated on site),0800 347 453,unknown,Car relocation + track transport since 2012; family run,https://www.fiordlandoutdoors.co.nz/contact/
0,Fiordland Tours,Fiordland,Te Anau,day tour,"Specially fitted coaches, max 16 pax",in-house,https://fiordlandtours.co.nz/,unknown (obfuscated on site),+64 3 222 2838,unknown,Daily Milford tours with complimentary central Te Anau pickups; also runs guided hikes,https://fiordlandtours.co.nz/get-in-touch-with-fiordland-tours/
0,Waitomo Caves Tours & Transfers,Hamilton-Waikato,Waitomo Caves,shuttle-transfer,unknown (family-owned transport company; Otorohanga station transfers),unknown,unknown,unknown,unknown,unknown,"Transfers from Otorohanga train/bus to Waitomo activities (Glowing Adventures, Kiwi Cave Rafting, Hairy Feet); timing-critical connections",https://www.tripadvisor.com/Attraction_Review-g616349-d12495468-Reviews-Waitomo_Caves_Tours_Transfers-Waitomo_Caves_Waitomo_District_Waikato_Region_Nort.html
0,Hiking New Zealand,National,Rangiora,multi-day,small-group guided hiking trips; guide-driven vans,in-house,https://www.hikingnewzealand.com/,unknown,0800 697 232,unknown,Multi-day guided hiking with pickups; consultation bookings via HubSpot,https://www.hikingnewzealand.com/contact-us
0,Bay Tours Nelson,Nelson/Abel Tasman,Nelson,day tour,unknown,unknown,https://www.tripadvisor.com/Attraction_Review-g255678-d2005327-Reviews-Bay_Tours_Nelson-Nelson_Nelson_Tasman_Region_South_Island.html,unknown,unknown,unknown,Full-day Abel Tasman cruise plus wine tour combos 7:30am-4pm requiring boat/bus timing,https://www.tripadvisor.com/Attraction_Review-g255678-d2005327-Reviews-Bay_Tours_Nelson-Nelson_Nelson_Tasman_Region_South_Island.html
0,Bay of Islands Tours,Northland,Paihia / Kerikeri,day tour,modern air-con minibuses with driver guide; Cape Reinga full-day; pickups 8am Paihia 8:30am Kerikeri,in-house,https://www.bayofislands.tours/,unknown,unknown,unknown,Two-town staggered pickups for daily Cape Reinga departures,https://www.bayofislands.tours/product/cape-reinga-full-day-trip/
0,Far North Outback Adventures,Northland,Kaitaia,day tour,4WD Cape Reinga / 90 Mile Beach / Rarawa tours; small group,unknown,unknown,unknown,unknown,unknown,Owner-run small tours with strong TripAdvisor volume but no bookable website found,https://www.tripadvisor.com/Attraction_Review-g609158-d5579458-Reviews-Far_North_Outback_Adventures-Kaitaia_Northland_Region_North_Island.html
0,Northland Taxi Shuttles & Tours,Northland,Mangonui,shuttle-transfer,"taxi shuttle + day trips (Cape Reinga, Kaikohe, Opononi, Waipoua); airport runs Kerikeri/Kaitaia; bike transport",in-house,https://www.northlandtaxishuttles.co.nz/,unknown,021 070 5783,unknown,Contact-form bookings for a wide Far North service area,https://www.northlandtaxishuttles.co.nz/services
0,Paihia Taxis & Tours,Northland,Paihia,shuttle-transfer,minibus + taxi; groups 4-10; Cape Reinga tours; Auckland/Whangarei/Kerikeri airport transfers; cruise pickups,in-house,https://www.paihiataxis.nz/,unknown,09 402 7506,unknown,"Mixed taxi, cruise-ship and long-distance airport transfer dispatch",https://www.paihiataxis.nz/
0,Whangarei Bus Services (1994) Ltd (WPS),Northland,Whangarei (Raumanga),charter coach,"large and small coaches, mini-coaches, sedans/SUVs, Total Mobility vehicles; airport and cruise-ship transfers",in-house,https://www.whangareibus.co.nz/,unknown,09 438 6005,unknown,Cruise-ship transfer specialist with book-a-ride form; mixed mobility and charter work,https://www.whangareibus.co.nz/
0,BLACK NZ,Queenstown Lakes,Queenstown,shuttle-transfer,Large fleet of luxury SUVs and Mercedes Sprinter vans,unknown,https://www.blacknz.co.nz/,unknown,unknown,unknown,Group/event transfers coordination (site emphasises seamless coordination),https://www.blacknz.co.nz/luxury-transport/
0,KT Sightseeing & Taxi Wanaka,Queenstown Lakes,Wanaka,shuttle-transfer,"2x 6-seat vans, 1x 10-seat van, 9-seat minibus",unknown,https://www.kttaxis.co.nz/,unknown,+64 3 443 9368,unknown,Matukituki Valley track shuttles + airport transfers,https://www.newzealand.com/au/plan/business/kt-sightseeing-wanaka/
0,Ridgeline Adventures,Queenstown Lakes,Wanaka,adventure w/ pickups,4WD nature safari vehicles (count unknown),unknown,https://ridgelinenz.com/,unknown,unknown,unknown,4WD high-country and farm tours with Wanaka pickups,https://ridgelinenz.com/4wd-tours/
0,Smooth Ride Cabs,Queenstown Lakes,Queenstown,shuttle-transfer,"9+ vehicles incl. maxi van, 12-seat Sprinter, shuttles",in-house,https://smoothridecabs.co.nz/,unknown,+64 3 428 1616,unknown,Shared + private shuttles across Queenstown/Wanaka/Dunedin,https://smoothridecabs.co.nz/shuttle-service-queenstown/
0,Headfirst Travel (Geyser Link / SnapshOt),Rotorua,Rotorua,day tour,unknown (daily Geyser Link shuttle from Tourism Rotorua Visitor Centre + 90-min city sights),unknown,https://www.rotoruanz.com/visit/see-and-do/tours/headfirst-travel,unknown,unknown,unknown,Daily scheduled shuttle + short city tours with 'experienced drivers'; also operates Dunedin,https://www.rotoruanz.com/visit/see-and-do/tours/headfirst-travel
0,Ruggedy Range Wilderness Experience,Southland,Stewart Island (Oban),adventure w/ pickups,Scenic shuttle back to Oban + boat transfers,unknown,https://www.ruggedyrange.com/,unknown,unknown,unknown,Only locally owned overnight Rakiura guided walk operator; booking office 14 Main Rd Oban,https://www.ruggedyrange.com/
0,Withers Coachlines,Taranaki,New Plymouth,charter coach,coaches plus rental minivans and VIP cars; BCA and TIA member; Qualmark Silver,in-house,http://www.witherscoachlines.co.nz/,unknown,0800 751 177,unknown,"Coach day tours (Round the Mountain, City Sights), charters, school runs and weddings",http://www.witherscoachlines.co.nz/
0,Zealandier Tours,Tauranga/Mt Maunganui,Tauranga,day tour,unknown (fully escorted small-group tours; travel club),in-house,https://www.zealandiertours.com,unknown,+64 7 572 4118,unknown,Port of Tauranga shore excursions + Travel Club day trips/mini-breaks + N/S Island tours,https://www.zealandiertours.com/
0,Chur Shuttles,Tongariro/Ruapehu,Ohakune,shuttle-transfer,unknown (ski shuttle min 4 pax + weekend night shuttle),in-house,https://www.churshuttles.co.nz,unknown,unknown,unknown,Winter Turoa ski shuttle + Fri/Sat night shuttle 5pm-3am; private hire,https://www.churshuttles.co.nz/about/
0,Ruapehu Snow Shuttles (Scenic Shuttles),Tongariro/Ruapehu,National Park Village,shuttle-transfer,group product for 8-20 pax suggests minibus fleet,unknown (securedirectbookings),https://scenicshuttles.securedirectbookings.com/ruapehu-snow-shuttle-c357697.html,unknown,+64 20 4111 4648,unknown,Winter-only Whakapapa shuttle; group pricing tiers,https://snowscene.co.nz/blogs/snowsceneblog/everything-to-know-about-mt-ruapehu-carparking-and-shuttles
0,Tongariro Crossing Shuttles,Tongariro/Ruapehu,National Park Village,shuttle-transfer,"unknown (4 daily departures 5:45am-9:45am, returns 1:30-5:30pm)",in-house,https://tongarirocrossingshuttles.co.nz,unknown,07 892 2870,unknown,In-house email-confirmation bookings; multiple departure waves + Northern Circuit one-ways; weather cancellations,https://tongarirocrossingshuttles.co.nz/
0,Tongariro Track Transport,Tongariro/Ruapehu,National Park Village,shuttle-transfer,unknown,unknown,https://www.thetongarirocrossing.com,unknown,0800 872 258,unknown,Daily TAC shuttle bundled with accommodation packages (Tongariro Freedom Package); weather-dependent ops,https://www.tongarirocrossing.org.nz/business-listing/tongariro-track-transport
0,Tongariro Volcanic Adventures (National Park Backpackers),Tongariro/Ruapehu,National Park Village,shuttle-transfer,"12-seater vans to 47-seater buses, all snow/ice equipped",unknown,https://www.npbp.co.nz,unknown,07 892 2870,unknown,"Multi-vehicle fleet running TAC, Whakapapa, 42 Traverse + Fishers Track shuttles year-round",https://www.tongarirocrossing.org.nz/business-listing/tongariro-volcanic-adventures
0,Wellington Bus and Coach Hire,Wellington,Wellington,charter coach,12-57 seat minibuses and coaches,in-house,https://wellingtonbusandcoachhire.co.nz/,unknown,unknown,unknown,"Quote-request charter model; services Wairarapa, Palmerston North, Whanganui",https://wellingtonbusandcoachhire.co.nz/
0,Remutaka Shuttles,Wellington/Wairarapa,Featherston,shuttle-transfer,unknown,unknown,https://remutakashuttles.com/,unknown,unknown,unknown,Shuttle and charter plus wedding and corridor runs Wellington-Wairarapa; site blocked automated fetch,https://remutakashuttles.com/
0,Wai Shuttles / Wai Tours,Wellington/Wairarapa,Masterton,shuttle-transfer,luxury 8-seater vehicles,unknown,https://www.waishuttles.co.nz/,unknown,unknown,unknown,Airport transfers plus pre-designed food and wine tours; site blocked automated fetch,https://www.waishuttles.co.nz/tours/
0,Go Tracks (Paparoa Shuttles / Wilderness Trail Shuttle),West Coast,Hokitika / Greymouth,shuttle-transfer,"Shuttle fleet for riders, bikes, bags and car relocation across Wilderness Trail, Paparoa Track, Old Ghost Road, Kawatiri; depots in Hokitika and Greymouth",in-house,https://gotracks.co.nz,unknown,+64 20 4149 9255,unknown,On-demand (not fixed schedule) shuttles across 4 trails - dispatch complexity; recently consolidated brands,https://gotracks.co.nz/tracks-trails/west-coast-wilderness-trail/transfers-timetable-westcoastshuttlenz
0,Karamea Express,West Coast,Karamea / Westport,shuttle-transfer,unknown (daily Karamea-Westport with accommodation pickups),unknown,http://www.karameaexpress.co.nz,unknown,+64 3 782 6757,unknown,Daily accommodation pickups on remote route; basic PHP website,http://www.karameaexpress.co.nz/Contact.php
0,Trail Transport,West Coast,Greymouth,shuttle-transfer,Shuttle buses for bikers/bikes on West Coast Wilderness Trail,in-house,https://www.trailtransport.co.nz,unknown,unknown,unknown,Own online booking page; trail-start logistics from Greymouth,https://www.trailtransport.co.nz/wilderness-trail-shuttle-bus/
0,Westport Shuttles (Buller Taxis),West Coast,Westport,shuttle-transfer,unknown (daily Westport-Nelson and Westport-Christchurch; Picton/Blenheim on request),unknown,unknown,unknown,+64 3 789 6900,unknown,On-request long-distance services; TripAdvisor listed,https://tripadvisor.com/Attraction_Review-g255125-d14179787-Reviews-Westport_Shuttles-Westport_West_Coast_Region_South_Island.html
0,A2B Transport,Whakatane,Whakatane (airport),shuttle-transfer,vans up to 11-12 pax; corporate car fleet,in-house,https://www.a2btransport.co.nz,unknown,0800 872 555,unknown,24/7 on-demand airport shuttles across Whakatane/Tauranga/Rotorua; exclusive transport provider for White Island Tours,https://www.a2btransport.co.nz/
0,Take It Easy Tours,Whanganui/Manawatu,Whanganui,charter coach,coach tours; staff Jason and Jimmy in testimonials,in-house,https://www.takeiteasytours.nz/,unknown,0508 482269,unknown,Group charters New Plymouth to Wellington plus scheduled multi-day coach tour dates through 2027,https://www.takeiteasytours.nz/group-charters
